{"3": [[-2.4720000000000013, -2.137000000000001, -2.5739999999999963], [2.2319999999999975, 0.25700000000000045, 2.3539999999999983]], "4": [[-3.0, 0.0, -3.0], [3.0, 0.3, 3.0]], "6": [[-3.2880000000000025, 0.10499999999999979, -0.637999999999999], [0.40799999999999814, 0.10499999999999979, 3.0580000000000016]], "7": [[-0.40800000000000014, 0.10499999999999979, -3.2779999999999996], [3.2880000000000007, 0.10499999999999979, 0.41800000000000126]], "8": [[-3.8640000000000034, 0.29499999999999926, -3.806], [3.8640000000000017, 0.29499999999999926, 3.586000000000002]], "9": [[-2.4720000000000013, -15.665, -2.5739999999999963], [2.2319999999999975, 0.29500000000000015, 2.3539999999999983]], "11": [[-3.192000000000006, -4.265000000000001, -3.1900000000000017], [3.191999999999997, -1.605, 2.9699999999999966]], "13": [[-0.8879999999999985, -1.7570000000000003, -0.8580000000000008], [6.16799999999999, 1.9669999999999999, 5.918000000000005]], "15": [[-6.168000000000001, -1.7570000000000003, -6.138000000000002], [0.8879999999999978, 1.9669999999999999, 0.638000000000003]], "22": [[2.9519999999999995, -1.7570000000000003, 2.881999999999997], [6.648000000000001, 1.9669999999999999, 6.5779999999999985]], "26": [[5.831999999999995, -1.7570000000000003, 5.742000000000005], [9.527999999999995, 1.9669999999999999, 9.437999999999995]], "29": [[6.600000000000004, -1.7570000000000003, 6.401999999999999], [11.639999999999995, 1.9669999999999999, 11.638000000000002]], "32": [[7.223999999999991, -9.623, 7.017999999999996], [11.256000000000004, -0.04699999999999993, 11.022000000000004]], "33": [[6.552000000000005, -14.373, 6.358], [11.927999999999988, -7.456999999999998, 11.902]], "34": [[-6.648000000000002, -1.7570000000000003, -6.798000000000002], [-2.9520000000000013, 1.9669999999999999, -3.102000000000002]], "38": [[-9.528000000000006, -1.7570000000000003, -9.658000000000003], [-5.832000000000003, 1.9669999999999999, -5.962000000000001]], "41": [[-11.639999999999999, -1.7570000000000003, -11.858], [-6.600000000000006, 1.9669999999999999, -6.621999999999996]], "44": [[-11.256000000000006, -9.623, -11.242], [-7.224000000000001, -0.04699999999999993, -7.238000000000001]], "45": [[-11.928, -14.373, -12.121999999999998], [-6.552000000000005, -7.456999999999998, -6.577999999999996]], "50": [[-24.696000000000005, -14.031, -24.75], [24.695999999999998, -13.498999999999999, 24.529999999999994]], "102": [[-7.560000000000004, 4.778999999999999, -7.502000000000001], [7.560000000000002, 10.631, 7.282000000000004]], "103": [[-13.272000000000002, 4.778999999999999, -13.354], [13.271999999999998, 10.631, 13.133999999999993]], "104": [[-16.631999999999998, 4.778999999999999, -16.742], [16.631999999999987, 10.631, 16.521999999999995]], "105": [[-20.952000000000005, 4.778999999999999, -21.054], [20.712000000000003, 10.631, 20.833999999999993]], "106": [[-25.704000000000004, 4.778999999999999, -25.982000000000006], [25.703999999999997, 10.631, 25.762000000000008]], "107": [[-32.087999999999994, 4.778999999999999, -32.142], [32.087999999999994, 10.631, 31.921999999999997]], "108": [[-39.144000000000005, 4.778999999999999, -39.226], [39.144000000000005, 10.631, 39.006]], "109": [[-50.90400000000001, 4.778999999999999, -50.92999999999999], [50.903999999999996, 10.631, 50.709999999999994]], "110": [[-61.992000000000004, 4.778999999999999, -62.32599999999999], [61.99199999999999, 10.631, 62.105999999999995]], "111": [[-69.048, 4.778999999999999, -68.79400000000001], [69.048, 10.631, 68.57400000000001]], "112": [[-1.8480000000000047, 4.778999999999999, -1.9579999999999993], [1.8479999999999959, 10.631, 1.7380000000000018]], "114": [[-7.560000000000004, 9.073000000000002, -7.502000000000001], [7.560000000000002, 15.456999999999999, 7.282000000000004]], "115": [[-13.272000000000002, 9.073000000000002, -13.354], [13.271999999999998, 15.456999999999999, 13.133999999999993]], "116": [[-16.631999999999998, 9.073000000000002, -16.742], [16.631999999999987, 15.456999999999999, 16.521999999999995]], "117": [[-20.952000000000005, 9.073000000000002, -21.054], [20.712000000000003, 15.456999999999999, 20.833999999999993]], "118": [[-25.704000000000004, 9.073000000000002, -25.982000000000006], [25.703999999999997, 15.456999999999999, 25.762000000000008]], "119": [[-32.087999999999994, 9.073000000000002, -32.142], [32.087999999999994, 15.456999999999999, 31.921999999999997]], "120": [[-39.144000000000005, 9.073000000000002, -39.226], [39.144000000000005, 15.456999999999999, 39.006]], "121": [[-50.90400000000001, 9.073000000000002, -50.92999999999999], [50.903999999999996, 15.456999999999999, 50.709999999999994]], "122": [[-61.992000000000004, 9.073000000000002, -62.32599999999999], [61.99199999999999, 15.456999999999999, 62.105999999999995]], "123": [[-69.048, 9.073000000000002, -68.79400000000001], [69.048, 15.456999999999999, 68.57400000000001]], "137": [[-7.560000000000004, 15.950999999999999, -7.502000000000001], [7.560000000000002, 22.069, 7.282000000000004]], "138": [[-13.272000000000002, 15.950999999999999, -13.354], [13.271999999999998, 22.069, 13.133999999999993]], "139": [[-16.631999999999998, 15.950999999999999, -16.742], [16.631999999999987, 22.069, 16.521999999999995]], "140": [[-20.952000000000005, 15.950999999999999, -21.054], [20.712000000000003, 22.069, 20.833999999999993]], "141": [[-25.704000000000004, 15.950999999999999, -25.982000000000006], [25.703999999999997, 22.069, 25.762000000000008]], "142": [[-32.087999999999994, 15.950999999999999, -32.142], [32.087999999999994, 22.069, 31.921999999999997]], "143": [[-39.144000000000005, 15.950999999999999, -39.226], [39.144000000000005, 22.069, 39.006]], "144": [[-50.90400000000001, 15.950999999999999, -50.92999999999999], [50.903999999999996, 22.069, 50.709999999999994]], "145": [[-61.992000000000004, 15.950999999999999, -62.32599999999999], [61.99199999999999, 22.069, 62.105999999999995]], "146": [[-69.048, 15.950999999999999, -68.79400000000001], [69.048, 22.069, 68.57400000000001]], "160": [[-7.560000000000004, 23.133000000000003, -7.502000000000001], [7.560000000000002, 25.527, 7.282000000000004]], "161": [[-13.272000000000002, 23.133000000000003, -13.354], [13.271999999999998, 25.527, 13.133999999999993]], "162": [[-16.631999999999998, 22.563000000000002, -16.742], [16.631999999999987, 28.946999999999996, 16.521999999999995]], "163": [[-20.952000000000005, 22.563000000000002, -21.054], [20.712000000000003, 28.946999999999996, 20.833999999999993]], "164": [[-25.704000000000004, 22.563000000000002, -25.982000000000006], [25.703999999999997, 28.946999999999996, 25.762000000000008]], "165": [[-32.087999999999994, 22.563000000000002, -32.142], [32.087999999999994, 28.946999999999996, 31.921999999999997]], "166": [[-39.144000000000005, 22.563000000000002, -39.226], [39.144000000000005, 28.946999999999996, 39.006]], "167": [[-50.90400000000001, 22.563000000000002, -50.92999999999999], [50.903999999999996, 28.946999999999996, 50.709999999999994]], "168": [[-61.992000000000004, 22.563000000000002, -62.32599999999999], [61.99199999999999, 28.946999999999996, 62.105999999999995]], "169": [[-69.048, 22.563000000000002, -68.79400000000001], [69.048, 28.946999999999996, 68.57400000000001]], "170": [[-1.8480000000000047, 9.073000000000002, -1.9579999999999993], [1.8479999999999959, 15.456999999999999, 1.7380000000000018]], "171": [[-1.8480000000000047, 13.443000000000001, -1.9579999999999993], [1.8479999999999959, 22.487000000000002, 1.7380000000000018]], "172": [[-1.8480000000000047, 20.092999999999996, -1.9579999999999993], [1.8479999999999959, 29.137, 1.7380000000000018]], "173": [[-7.560000000000004, 25.071, -7.502000000000001], [7.560000000000002, 27.198999999999995, 7.282000000000004]], "174": [[-13.272000000000002, 25.071, -13.354], [13.271999999999998, 27.198999999999995, 13.133999999999993]], "175": [[-1.8480000000000047, 41.449, -1.9579999999999993], [1.8479999999999959, 43.311, 1.7380000000000018]],